Flow Duration,Total Fwd Packets,Total Length of Fwd Packets,Total Backward Packets,Total Length of Bwd Packets,Fwd Packet Length Max,Fwd Packet Length Min,Fwd Packet Length Mean,Fwd Packet Length Std,Bwd Packet Length Max,Bwd Packet Length Min,Bwd Packet Length Mean,Bwd Packet Length Std,Packet Length Mean,Packet Length Std,Max Packet Length,Min Packet Length,Flow Bytes/s,Flow Packets/s,Flow IAT Mean,Flow IAT Std,Flow IAT Max,Flow IAT Min,FIN Flag Count,PSH Flag Count,ACK Flag Count,Active Mean,Active Max,Active Min,Idle Mean,Idle Max,Idle Min
1.9537608623504639,17,38807,8,1244,13194,60,2282.764705882353,3800.4792504198695,262,54,155.5,101.56155768793623,1602.04,3287.806739819115,13194,54,20499.438171679216,12.795834168734373,0.08140670259793599,0.11348888594750257,0.3242049217224121,0.0,0,9,25,1.9537608623504639,1.9537608623504639,1.9537608623504639,0,0,0
0.6630690097808838,11,10336,10,1438,4322,54,939.6363636363636,1258.1693246883651,414,54,143.8,118.91324568777021,560.6666666666666,996.9446339564718,4322,54,17756.824442588273,31.670911609848286,0.03315345048904419,0.06225621771307907,0.22023606300354004,0.0,0,13,21,0.6630690097808838,0.6630690097808838,0.6630690097808838,0,0,0
1.3428659439086914,75,121648,61,4158,4134,60,1621.9733333333334,631.3297072757538,179,54,68.1639344262295,28.78705328753373,925.0441176470588,904.0797146306151,4134,54,93684.70514176226,101.27593198479934,0.009947155140064381,0.049706956166281714,0.36558008193969727,0.0,0,7,136,1.3428659439086914,1.3428659439086914,1.3428659439086914,0,0,0
